MID,Organization,Region
83750,Mercy Health,Youngstown
83742,Mercy Health,Youngstown
83530,Mercy Health,Youngstown
1239220055019096,Mercy Health,Youngstown
1239220055019088,Mercy Health,Youngstown
1239220055019070,Mercy Health,Youngstown
1239220055017306,Mercy Health,Youngstown
1239220055015359,Mercy Health,Youngstown
1239220055006697,Mercy Health,Youngstown
83625,Mercy Health,Toledo
83624,Mercy Health,Toledo
83623,Mercy Health,Toledo
83622,Mercy Health,Toledo
83621,Mercy Health,Toledo
83620,Mercy Health,Toledo
83619,Mercy Health,Toledo
83618,Mercy Health,Toledo
83617,Mercy Health,Toledo
83616,Mercy Health,Toledo
83615,Mercy Health,Toledo
83614,Mercy Health,Toledo
83613,Mercy Health,Toledo
83612,Mercy Health,Toledo
83801,Mercy Health,Toledo 
83800,Mercy Health,Toledo 
83786,Mercy Health,Toledo 
83743,Mercy Health,Toledo 
83728,Mercy Health,Toledo 
83727,Mercy Health,Toledo 
83726,Mercy Health,Toledo 
83725,Mercy Health,Toledo 
83724,Mercy Health,Toledo 
83723,Mercy Health,Toledo 
83722,Mercy Health,Toledo 
83721,Mercy Health,Toledo 
83720,Mercy Health,Toledo 
83719,Mercy Health,Toledo 
83718,Mercy Health,Toledo 
83717,Mercy Health,Toledo 
83716,Mercy Health,Toledo 
83715,Mercy Health,Toledo 
83713,Mercy Health,Toledo 
83712,Mercy Health,Toledo 
83710,Mercy Health,Toledo 
83709,Mercy Health,Toledo 
83707,Mercy Health,Toledo 
83704,Mercy Health,Toledo 
83702,Mercy Health,Toledo 
83701,Mercy Health,Toledo 
83700,Mercy Health,Toledo 
83699,Mercy Health,Toledo 
83698,Mercy Health,Toledo 
83697,Mercy Health,Toledo 
83696,Mercy Health,Toledo 
83694,Mercy Health,Toledo 
83693,Mercy Health,Toledo 
83692,Mercy Health,Toledo 
83691,Mercy Health,Toledo 
83689,Mercy Health,Toledo 
83687,Mercy Health,Toledo 
83686,Mercy Health,Toledo 
83685,Mercy Health,Toledo 
83683,Mercy Health,Toledo 
83682,Mercy Health,Toledo 
83680,Mercy Health,Toledo 
83678,Mercy Health,Toledo 
83677,Mercy Health,Toledo 
83676,Mercy Health,Toledo 
83673,Mercy Health,Toledo 
83672,Mercy Health,Toledo 
83669,Mercy Health,Toledo 
83667,Mercy Health,Toledo 
83666,Mercy Health,Toledo 
83665,Mercy Health,Toledo 
83664,Mercy Health,Toledo 
83662,Mercy Health,Toledo 
83660,Mercy Health,Toledo 
83659,Mercy Health,Toledo 
83658,Mercy Health,Toledo 
83657,Mercy Health,Toledo 
83656,Mercy Health,Toledo 
83655,Mercy Health,Toledo 
83654,Mercy Health,Toledo 
83653,Mercy Health,Toledo 
83652,Mercy Health,Toledo 
83649,Mercy Health,Toledo 
83648,Mercy Health,Toledo 
83647,Mercy Health,Toledo 
83646,Mercy Health,Toledo 
83641,Mercy Health,Toledo 
83640,Mercy Health,Toledo 
83639,Mercy Health,Toledo 
1239220055018932,Mercy Health,Toledo 
1239220055018940,Mercy Health,Toledo
1239220055017900,Mercy Health,Toledo
1239220055015714,Mercy Health,Toledo
1239220055015706,Mercy Health,Toledo
1239220055015698,Mercy Health,Toledo
1239220055015680,Mercy Health,Toledo
1239220055015672,Mercy Health,Toledo
1239220055015656,Mercy Health,Toledo
1239220055015649,Mercy Health,Toledo
1239220055015631,Mercy Health,Toledo
1239220055015623,Mercy Health,Toledo
1239220055015615,Mercy Health,Toledo
1239220055015607,Mercy Health,Toledo
1239220055015599,Mercy Health,Toledo
1239220055015581,Mercy Health,Toledo
1239220055015573,Mercy Health,Toledo
1239220055015565,Mercy Health,Toledo
1239220055015557,Mercy Health,Toledo
1239220055015540,Mercy Health,Toledo
1239220055015532,Mercy Health,Toledo
1239220055015524,Mercy Health,Toledo
1239220055015516,Mercy Health,Toledo
1239220055015375,Mercy Health,Toledo
1239220055015367,Mercy Health,Toledo
1239220055015334,Mercy Health,Toledo
1239220055015292,Mercy Health,Toledo
1239220055015284,Mercy Health,Toledo
1239220055015276,Mercy Health,Toledo
1239220055015268,Mercy Health,Toledo
1239220055015250,Mercy Health,Toledo
1239220055015243,Mercy Health,Toledo
1239220055015235,Mercy Health,Toledo
1239220055015227,Mercy Health,Toledo
1239220055015219,Mercy Health,Toledo
1239220055015201,Mercy Health,Toledo
1239220055015193,Mercy Health,Toledo
1239220055015185,Mercy Health,Toledo
1239220055015177,Mercy Health,Toledo
1239220055015169,Mercy Health,Toledo
1239220055015151,Mercy Health,Toledo
1239220055015144,Mercy Health,Toledo
1239220055015136,Mercy Health,Toledo
1239220055015128,Mercy Health,Toledo
1239220055015110,Mercy Health,Toledo
1239220055015102,Mercy Health,Toledo
1239220055015094,Mercy Health,Toledo
1239220055015086,Mercy Health,Toledo
1239220055015078,Mercy Health,Toledo
1239220055015060,Mercy Health,Toledo
1239220055015052,Mercy Health,Toledo
1239220055015045,Mercy Health,Toledo
1239220055015037,Mercy Health,Toledo
1239220055015029,Mercy Health,Toledo
1239220055015011,Mercy Health,Toledo
1239220055015003,Mercy Health,Toledo
1239220055014998,Mercy Health,Toledo
1239220055014980,Mercy Health,Toledo
1239220055014972,Mercy Health,Toledo
1239220055014964,Mercy Health,Toledo
1239220055014956,Mercy Health,Toledo
1239220055014949,Mercy Health,Toledo
1239220055014931,Mercy Health,Toledo
1239220055014923,Mercy Health,Toledo
1239220055014915,Mercy Health,Toledo
1239220055014907,Mercy Health,Toledo
1239220055014899,Mercy Health,Toledo
1239220055014881,Mercy Health,Toledo
1239220055014873,Mercy Health,Toledo
1239220055014865,Mercy Health,Toledo
1239220055014857,Mercy Health,Toledo
1239220055014840,Mercy Health,Toledo
1239220055014832,Mercy Health,Toledo
1239220055014824,Mercy Health,Toledo
1239220055014816,Mercy Health,Toledo
1239220055014808,Mercy Health,Toledo
1239220055014790,Mercy Health,Toledo
1239220055014782,Mercy Health,Toledo
1239220055014774,Mercy Health,Toledo
1239220055014766,Mercy Health,Toledo
1239220055014758,Mercy Health,Toledo
1239220055014741,Mercy Health,Toledo
1239220055014733,Mercy Health,Toledo
1239220055014725,Mercy Health,Toledo
1239220055014717,Mercy Health,Toledo
1239220055014709,Mercy Health,Toledo
1239220055014691,Mercy Health,Toledo
1239220055014683,Mercy Health,Toledo
1239220055014675,Mercy Health,Toledo
1239220055014667,Mercy Health,Toledo
1239220055014642,Mercy Health,Toledo
1239220055016936,Mercy Health,Toledo
1239220055016928,Mercy Health,Toledo
1239220055024930,Mercy Health,Toledo
1239220055019880,Mercy Health,Springfield
1239220055019872,Mercy Health,Springfield
1239220055019864,Mercy Health,Springfield
1239220055019732,Mercy Health,Springfield
1239220055019724,Mercy Health,Springfield
1239220055019716,Mercy Health,Springfield
1239220055019708,Mercy Health,Springfield
1239220055019690,Mercy Health,Springfield
1239220055019682,Mercy Health,Springfield
1239220055019674,Mercy Health,Springfield
1239220055019666,Mercy Health,Springfield
83741,Mercy Health,Lorrain
1239220055015342,Mercy Health,Lorain 
83592,Mercy Health,Lorain
1239220055019104,Mercy Health,Lorain
1239220055013305,Mercy Health,Lorain
1239220055013016,Mercy Health,Lorain
1239220055013008,Mercy Health,Lorain
1239220055012554,Mercy Health,Lorain
1239220055012547,Mercy Health,Lorain
1239220055012190,Mercy Health,Lorain
1239220055012182,Mercy Health,Lorain
1239220055012174,Mercy Health,Lorain
1239220055012166,Mercy Health,Lorain
1239220055012109,Mercy Health,Lorain
1239220055012091,Mercy Health,Lorain
1239220055012083,Mercy Health,Lorain
1239220055012075,Mercy Health,Lorain
1239220055012067,Mercy Health,Lorain
1239220055012059,Mercy Health,Lorain
1239220055012042,Mercy Health,Lorain
1239220055012034,Mercy Health,Lorain
1239220055012026,Mercy Health,Lorain
1239220055012018,Mercy Health,Lorain
1239220055012000,Mercy Health,Lorain
1239220055011994,Mercy Health,Lorain
1239220055011986,Mercy Health,Lorain
1239220055011978,Mercy Health,Lorain
1239220055011887,Mercy Health,Lorain
1239220055011879,Mercy Health,Lorain
1239220055024864,Mercy Health,Lorain
83752,Mercy Health,Lima
83745,Mercy Health,Lima
83565,Mercy Health,Lima
83564,Mercy Health,Lima
83563,Mercy Health,Lima
83562,Mercy Health,Lima
83561,Mercy Health,Lima
83560,Mercy Health,Lima
83559,Mercy Health,Lima
83558,Mercy Health,Lima
83557,Mercy Health,Lima
83556,Mercy Health,Lima
83555,Mercy Health,Lima
83554,Mercy Health,Lima
83553,Mercy Health,Lima
83552,Mercy Health,Lima
83551,Mercy Health,Lima
83550,Mercy Health,Lima
83549,Mercy Health,Lima
83548,Mercy Health,Lima
83547,Mercy Health,Lima
83546,Mercy Health,Lima
83545,Mercy Health,Lima
83544,Mercy Health,Lima
83543,Mercy Health,Lima
83542,Mercy Health,Lima
83540,Mercy Health,Lima
83539,Mercy Health,Lima
83538,Mercy Health,Lima
83537,Mercy Health,Lima
83536,Mercy Health,Lima
83535,Mercy Health,Lima
83534,Mercy Health,Lima
83533,Mercy Health,Lima
83532,Mercy Health,Lima
1239220055018734,Mercy Health,Lima
1239220055017413,Mercy Health,Lima
1239220055013321,Mercy Health,Lima
1239220055011341,Mercy Health,Lima
1239220055011317,Mercy Health,Lima
1239220055010236,Mercy Health,Lima
1239220055009790,Mercy Health,Lima
1239220055009782,Mercy Health,Lima
1239220055009774,Mercy Health,Lima
1239220055009766,Mercy Health,Lima
1239220055009758,Mercy Health,Lima
1239220055009741,Mercy Health,Lima
1239220055009733,Mercy Health,Lima
1239220055009725,Mercy Health,Lima
1239220055009717,Mercy Health,Lima
1239220055009709,Mercy Health,Lima
1239220055009691,Mercy Health,Lima
1239220055009675,Mercy Health,Lima
1239220055009667,Mercy Health,Lima
1239220055009659,Mercy Health,Lima
1239220055009642,Mercy Health,Lima
1239220055009626,Mercy Health,Lima
1239220055009618,Mercy Health,Lima
1239220055009600,Mercy Health,Lima
1239220055009592,Mercy Health,Lima
1239220055009584,Mercy Health,Lima
1239220055009576,Mercy Health,Lima
1239220055009568,Mercy Health,Lima
1239220055009550,Mercy Health,Lima
1239220055009543,Mercy Health,Lima
1239220055009535,Mercy Health,Lima
1239220055009527,Mercy Health,Lima
1239220055009519,Mercy Health,Lima
1239220055009501,Mercy Health,Lima
1239220055009493,Mercy Health,Lima
1239220055009485,Mercy Health,Lima
1239220055009477,Mercy Health,Lima
83760,Mercy Health,Kentucky
83636,Mercy Health,Kentucky
83611,Mercy Health,Kentucky
83610,Mercy Health,Kentucky
83609,Mercy Health,Kentucky
83608,Mercy Health,Kentucky
83607,Mercy Health,Kentucky
83606,Mercy Health,Kentucky
83605,Mercy Health,Kentucky
83604,Mercy Health,Kentucky
83603,Mercy Health,Kentucky
83602,Mercy Health,Kentucky
83601,Mercy Health,Kentucky
83600,Mercy Health,Kentucky
83599,Mercy Health,Kentucky
83598,Mercy Health,Kentucky
1239220055012141,Mercy Health,Kentucky
1239220055012133,Mercy Health,Kentucky
1239220055012125,Mercy Health,Kentucky
1239220055018742,Mercy Health,Kentucky
1239220055017918,Mercy Health,Kentucky
1239220055012802,Mercy Health,Kentucky
1239220055012257,Mercy Health,Kentucky
1239220055012240,Mercy Health,Kentucky
1239220055012232,Mercy Health,Kentucky
1239220055012224,Mercy Health,Kentucky
1239220055012216,Mercy Health,Kentucky
1239220055012208,Mercy Health,Kentucky
1239220055012117,Mercy Health,Kentucky
1239220055011960,Mercy Health,Kentucky
1239220055011903,Mercy Health,Kentucky
1239220055011895,Mercy Health,Kentucky
1239220055020102,Mercy Health,Kentucky
1239220055020094,Mercy Health,Kentucky
1239220055020086,Mercy Health,Kentucky
1239220055013313,Mercy Health,Kentucky
1239220055019658,Mercy Health,Kentucky
83785,Mercy Health,Cincinnati
83784,Mercy Health,Cincinnati
83783,Mercy Health,Cincinnati
83782,Mercy Health,Cincinnati
83781,Mercy Health,Cincinnati
83780,Mercy Health,Cincinnati
83779,Mercy Health,Cincinnati
83778,Mercy Health,Cincinnati
83777,Mercy Health,Cincinnati
83776,Mercy Health,Cincinnati
83775,Mercy Health,Cincinnati
83774,Mercy Health,Cincinnati
83773,Mercy Health,Cincinnati
83772,Mercy Health,Cincinnati
83771,Mercy Health,Cincinnati
83770,Mercy Health,Cincinnati
83767,Mercy Health,Cincinnati
83766,Mercy Health,Cincinnati
83763,Mercy Health,Cincinnati
83761,Mercy Health,Cincinnati
83739,Mercy Health,Cincinnati
1239220055018163,Mercy Health,Cincinnati
1239220055018155,Mercy Health,Cincinnati
1239220055018148,Mercy Health,Cincinnati
1239220055018130,Mercy Health,Cincinnati
1239220055018122,Mercy Health,Cincinnati
1239220055018114,Mercy Health,Cincinnati
1239220055018106,Mercy Health,Cincinnati
1239220055018098,Mercy Health,Cincinnati
1239220055018080,Mercy Health,Cincinnati
1239220055018072,Mercy Health,Cincinnati
1239220055018064,Mercy Health,Cincinnati
1239220055018056,Mercy Health,Cincinnati
1239220055018049,Mercy Health,Cincinnati
1239220055018031,Mercy Health,Cincinnati
1239220055018023,Mercy Health,Cincinnati
1239220055018015,Mercy Health,Cincinnati
1239220055018007,Mercy Health,Cincinnati
1239220055017991,Mercy Health,Cincinnati
1239220055017983,Mercy Health,Cincinnati
1239220055017975,Mercy Health,Cincinnati
1239220055017967,Mercy Health,Cincinnati
1239220055017959,Mercy Health,Cincinnati
1239220055017942,Mercy Health,Cincinnati
1239220055017934,Mercy Health,Cincinnati
1239220055017926,Mercy Health,Cincinnati
1239220055015383,Mercy Health,Cincinnati
1239220055019856,Mercy Health,Cincinnati
1239220055019849,Mercy Health,Cincinnati
1239220055019831,Mercy Health,Cincinnati
1239220055019823,Mercy Health,Cincinnati
1239220055019815,Mercy Health,Cincinnati
1239220055019807,Mercy Health,Cincinnati
1239220055019799,Mercy Health,Cincinnati
1239220055019781,Mercy Health,Cincinnati
1239220055019773,Mercy Health,Cincinnati
1239220055019765,Mercy Health,Cincinnati
1239220055019757,Mercy Health,Cincinnati
1239220055019740,Mercy Health,Cincinnati
245001,"St. Joseph Health (CA)",
244968,"St. Joseph Health (CA)",
212054,"St. Joseph Health (CA)",
211909,"St. Joseph Health (CA)",
209693,"St. Joseph Health (CA)",
276084,Aegis,
246068,Aegis,
237682,Aegis,
235531,Aegis,
235528,Aegis,
1239220055019286,Aids Healthcare Foundation,
1239220055019278,Aids Healthcare Foundation,
1239220055019260,Aids Healthcare Foundation,
1239220055019252,Aids Healthcare Foundation,
1239220055019245,Aids Healthcare Foundation,
1239220055019237,Aids Healthcare Foundation,
1239220055019229,Aids Healthcare Foundation,
1239220055019211,Aids Healthcare Foundation,
1239220055019203,Aids Healthcare Foundation,
1239220055019195,Aids Healthcare Foundation,
1239220055018833,Aids Healthcare Foundation,
1239220055018825,Aids Healthcare Foundation,
1239220055018817,Aids Healthcare Foundation,
1239220055018809,Aids Healthcare Foundation,
1239220055018791,Aids Healthcare Foundation,
1239220055018783,Aids Healthcare Foundation,
1239220055018775,Aids Healthcare Foundation,
1239220055018676,Aids Healthcare Foundation,
1239220055018668,Aids Healthcare Foundation,
1239220055018650,Aids Healthcare Foundation,
1239220055018643,Aids Healthcare Foundation,
1239220055018635,Aids Healthcare Foundation,
1239220055018627,Aids Healthcare Foundation,
1239220055018619,Aids Healthcare Foundation,
1239220055018601,Aids Healthcare Foundation,
1239220055018593,Aids Healthcare Foundation,
1239220055018585,Aids Healthcare Foundation,
1239220055020326,Aids Healthcare Foundation,
1239220055020318,Aids Healthcare Foundation,
1239220055020300,Aids Healthcare Foundation,
1239220055020292,Aids Healthcare Foundation,
1239220055020284,Aids Healthcare Foundation,
1239220055020276,Aids Healthcare Foundation,
1239220055020268,Aids Healthcare Foundation,
1239220055020250,Aids Healthcare Foundation,
1239220055020243,Aids Healthcare Foundation,
1239220055020235,Aids Healthcare Foundation,
1239220055020227,Aids Healthcare Foundation,
1239220055020219,Aids Healthcare Foundation,
1239220055020201,Aids Healthcare Foundation,
1239220055020193,Aids Healthcare Foundation,
1239220055020185,Aids Healthcare Foundation,
1239220055020177,Aids Healthcare Foundation,
1239220055020169,Aids Healthcare Foundation,
1239220055020151,Aids Healthcare Foundation,
1239220055020144,Aids Healthcare Foundation,
1239220055020052,Aids Healthcare Foundation,
1239220055020045,Aids Healthcare Foundation,
1239220055020037,Aids Healthcare Foundation,
1239220055020029,Aids Healthcare Foundation,
1239220055020011,Aids Healthcare Foundation,
1239220055020003,Aids Healthcare Foundation,
1239220055019997,Aids Healthcare Foundation,
1239220055019989,Aids Healthcare Foundation,
1239220055019971,Aids Healthcare Foundation,
1239220055019963,Aids Healthcare Foundation,
1239220055019955,Aids Healthcare Foundation,
1239220055019948,Aids Healthcare Foundation,
1239220055019930,Aids Healthcare Foundation,
1239220055019922,Aids Healthcare Foundation,
1239220055019914,Aids Healthcare Foundation,
1239220055019906,Aids Healthcare Foundation,
1239220055019898,Aids Healthcare Foundation,
1239220055003157,AltaMed Health Services,
1239220055003082,AltaMed Health Services,
284524,American Medical Response,
283584,American Medical Response,
215019,American Medical Response,
215021,American Medical Response,
215023,American Medical Response,
215026,American Medical Response,
215029,American Medical Response,
215022,American Medical Response,
1239220055004593,Antelope Valley Hospital,
313787,Associates for Behavioral Healthcare,
313785,Associates for Behavioral Healthcare,
217336,Associates for Behavioral Healthcare,
1239220055019591,Acumen Physician Solutions,
1239220055019583,Acumen Physician Solutions,
1239220055019575,Acumen Physician Solutions,
1239220055019567,Acumen Physician Solutions,
1239220055019559,Acumen Physician Solutions,
1239220055019542,Acumen Physician Solutions,
1239220055019534,Acumen Physician Solutions,
1239220055019526,Acumen Physician Solutions,
1239220055019518,Acumen Physician Solutions,
1239220055019500,Acumen Physician Solutions,
1239220055019492,Acumen Physician Solutions,
1239220055019484,Acumen Physician Solutions,
1239220055019476,Acumen Physician Solutions,
1239220055019468,Acumen Physician Solutions,
1239220055019450,Acumen Physician Solutions,
1239220055019443,Acumen Physician Solutions,
1239220055019435,Acumen Physician Solutions,
1239220055019427,Acumen Physician Solutions,
1239220055019419,Acumen Physician Solutions,
320538,Blessing Health System,
316396,Blessing Health System,
249254,Blessing Health System,
249252,Blessing Health System,
249247,Blessing Health System,
240433,Blessing Health System,
294822,Blount Memorial Hospital,
240907,Blount Memorial Hospital,
234965,Children's Mercy Hospitals and Clinics,
288381,Children's National Health System,
1239220055001169,Emanate,
1239220055001151,Emanate,
1239220055001144,Emanate,
1239220055001136,Emanate,
214738,City of Hope,
211493,City of Hope,
211491,City of Hope,
207959,City of Hope,
207958,City of Hope,
207956,City of Hope,
207955,City of Hope,
207952,City of Hope,
83751,Denver Health,
241816,Denver Health,
1239220055001664,Diagnostic Laboratories,
1239220055001656,Diagnostic Laboratories,
1239220055001649,Diagnostic Laboratories,
1239220055001631,Diagnostic Laboratories,
1239220055006580,Eisenhower Medical Center,
1239220055006549,Eisenhower Medical Center,
1239220055006531,Eisenhower Medical Center,
1239220055006523,Eisenhower Medical Center,
1239220055006515,Eisenhower Medical Center,
1239220055006507,Eisenhower Medical Center,
1239220055006499,Eisenhower Medical Center,
1239220055006481,Eisenhower Medical Center,
1239220055006473,Eisenhower Medical Center,
1239220055006465,Eisenhower Medical Center,
1239220055006457,Eisenhower Medical Center,
1239220055006440,Eisenhower Medical Center,
1239220055006432,Eisenhower Medical Center,
1239220055006424,Eisenhower Medical Center,
1239220055006416,Eisenhower Medical Center,
1239220055006408,Eisenhower Medical Center,
1239220055006390,Eisenhower Medical Center,
1239220055006382,Eisenhower Medical Center,
1239220055006374,Eisenhower Medical Center,
1239220055006366,Eisenhower Medical Center,
1239220055006358,Eisenhower Medical Center,
1239220055006341,Eisenhower Medical Center,
1239220055006333,Eisenhower Medical Center,
1239220055006325,Eisenhower Medical Center,
1239220055006317,Eisenhower Medical Center,
1239220055006309,Eisenhower Medical Center,
1239220055006291,Eisenhower Medical Center,
1239220055006283,Eisenhower Medical Center,
1239220055006275,Eisenhower Medical Center,
1239220055006267,Eisenhower Medical Center,
1239220055006259,Eisenhower Medical Center,
1239220055006242,Eisenhower Medical Center,
1239220055006234,Eisenhower Medical Center,
1239220055006226,Eisenhower Medical Center,
1239220055006218,Eisenhower Medical Center,
1239220055006200,Eisenhower Medical Center,
1239220055006192,Eisenhower Medical Center,
1239220055006184,Eisenhower Medical Center,
1239220055006176,Eisenhower Medical Center,
1239220055006168,Eisenhower Medical Center,
1239220055006150,Eisenhower Medical Center,
1239220055006143,Eisenhower Medical Center,
1239220055006135,Eisenhower Medical Center,
1239220055006127,Eisenhower Medical Center,
1239220055006119,Eisenhower Medical Center,
1239220055006101,Eisenhower Medical Center,
1239220055006093,Eisenhower Medical Center,
1239220055006085,Eisenhower Medical Center,
1239220055006077,Eisenhower Medical Center,
1239220055006069,Eisenhower Medical Center,
1239220055006051,Eisenhower Medical Center,
1239220055006044,Eisenhower Medical Center,
1239220055006036,Eisenhower Medical Center,
1239220055006028,Eisenhower Medical Center,
1239220055006010,Eisenhower Medical Center,
1239220055006002,Eisenhower Medical Center,
1239220055005996,Eisenhower Medical Center,
1239220055005988,Eisenhower Medical Center,
1239220055005970,Eisenhower Medical Center,
1239220055005962,Eisenhower Medical Center,
1239220055005954,Eisenhower Medical Center,
314878,El Camino Hospital,
290446,El Camino Hospital,
290442,El Camino Hospital,
290292,El Camino Hospital,
290291,El Camino Hospital,
290290,El Camino Hospital,
290289,El Camino Hospital,
243633,El Camino Hospital,
304928,Ephraim McDowell Health,
286935,Ephraim McDowell Health,
314337,Erlanger Health System,
314334,Erlanger Health System,
314326,Erlanger Health System,
237326,Erlanger Health System,
1239220055003884,Estes Park Medical Center,
264499,Franciscan Missionaries of Our Lady Health System,
260972,Franciscan Missionaries of Our Lady Health System,
1239220055001201,Emanate,
1239220055001128,Emanate,
324167,Hallmark Health,
318042,Hallmark Health,
299037,Hallmark Health,
298915,Hallmark Health,
298914,Hallmark Health,
298912,Hallmark Health,
298909,Hallmark Health,
298908,Hallmark Health,
298906,Hallmark Health,
298904,Hallmark Health,
298902,Hallmark Health,
298835,Hallmark Health,
298834,Hallmark Health,
298830,Hallmark Health,
293902,Hallmark Health,
282050,Hallmark Health,
280836,Hallmark Health,
278955,Hallmark Health,
1239220055018767,Hollywood Presbyterian Medical Center,
260568,Imperial Health,
321484,IU Health,
321093,IU Health,
321091,IU Health,
321090,IU Health,
321088,IU Health,
321087,IU Health,
320308,IU Health,
316390,IU Health,
316389,IU Health,
316388,IU Health,
316386,IU Health,
316385,IU Health,
316384,IU Health,
316383,IU Health,
316345,IU Health,
316344,IU Health,
316342,IU Health,
316341,IU Health,
316340,IU Health,
316339,IU Health,
314098,IU Health,
306756,Johns Hopkins,
306755,Johns Hopkins,
306331,Johns Hopkins,
224946,King's Daughters' Health,
308621,"Lafayette General Medical Center",
260165,"Lafayette General Medical Center",
259670,"Lafayette General Medical Center",
259362,Franciscan Missionaries of Our Lady Health System,
257797,"Lafayette General Medical Center",
257787,"Lafayette General Medical Center",
257784,"Lafayette General Medical Center",
257772,"Lafayette General Medical Center",
257720,"Lafayette General Medical Center",
328503,Liberty Hospital,
280602,Liberty Hospital,
260476,Liberty Hospital,
260475,Liberty Hospital,
260474,Liberty Hospital,
260473,Liberty Hospital,
260472,Liberty Hospital,
260471,Liberty Hospital,
260470,Liberty Hospital,
260469,Liberty Hospital,
212066,LifePoint,
270638,Little Company of Mary,
1239220055018965,Martha's Vineyard Hospital,
148401,Navicent Health,
107401,New York City Health and Hospitals Corporation,
239321,Northbay Medical Center,
306529,Northeast Georgia Health System,
306322,Northeast Georgia Health System,
306320,Northeast Georgia Health System,
306319,Northeast Georgia Health System,
306318,Northeast Georgia Health System,
306317,Northeast Georgia Health System,
306316,Northeast Georgia Health System,
262276,Northeast Georgia Health System,
246682,Northeast Georgia Health System,
1239220055003199,Northern Maine Medical Center,
1239220055003181,Northern Maine Medical Center,
1239220055003173,Northern Maine Medical Center,
1239220055003165,Northern Maine Medical Center,
1239220055003066,Northern Maine Medical Center,
247334,Norwegian American Hospital,
325767,Ochsner Health,
317649,Ochsner Health,
315960,Ochsner Health,
315958,Ochsner Health,
260747,Ochsner Health,
242985,Ochsner Health,
200158,Ochsner Health,
195550,Ochsner Health,
1239220055010954,Olympia Medical Center,
1239220055010947,Olympia Medical Center,
322758,Pekin Health,
315740,Pekin Health,
315335,Pekin Health,
315334,Pekin Health,
315332,Pekin Health,
315331,Pekin Health,
315330,Pekin Health,
315329,Pekin Health,
315328,Pekin Health,
315327,Pekin Health,
315326,Pekin Health,
271692,Phoebe Putney Health Systems,
1239220055018254,Phoenix Children's Hospital,
1239220055018247,Phoenix Children's Hospital,
1239220055011002,Phoenix Children's Hospital,
1239220055008222,Phoenix Children's Hospital,
1239220055008214,Phoenix Children's Hospital,
1239220055008198,Phoenix Children's Hospital,
1239220055007075,Phoenix Children's Hospital,
1239220055004718,Phoenix Children's Hospital,
1239220055004700,Phoenix Children's Hospital,
1239220055004692,Phoenix Children's Hospital,
1239220055004684,Phoenix Children's Hospital,
1239220055004676,Phoenix Children's Hospital,
1239220055004668,Phoenix Children's Hospital,
1239220055004650,Phoenix Children's Hospital,
1239220055004643,Phoenix Children's Hospital,
1239220055004437,Phoenix Children's Hospital,
1239220055002431,Riverside Health System,
1239220055001730,Riverside Health System,
321460,RWJ Barnabas Health,
321459,RWJ Barnabas Health,
321458,RWJ Barnabas Health,
321457,RWJ Barnabas Health,
320639,RWJ Barnabas Health,
318428,RWJ Barnabas Health,
318426,RWJ Barnabas Health,
318425,RWJ Barnabas Health,
318424,RWJ Barnabas Health,
317580,RWJ Barnabas Health,
315472,RWJ Barnabas Health,
315471,RWJ Barnabas Health,
315466,RWJ Barnabas Health,
312700,RWJ Barnabas Health,
312699,RWJ Barnabas Health,
312698,RWJ Barnabas Health,
312697,RWJ Barnabas Health,
312696,RWJ Barnabas Health,
312695,RWJ Barnabas Health,
312694,RWJ Barnabas Health,
312693,RWJ Barnabas Health,
1239220055001318,Sacred Heart Hospital,
1239220055001334,Sacred Heart Hospital,
1239220055001326,Sacred Heart Hospital,
1239220055002662,Salinas Valley Memorial Hospital,
1239220055001284,Salinas Valley Memorial Hospital,
289204,Sansum Clinics,
1239220055006754,Saratoga Hospital,
322389,Silver Cross Hospital,
303097,South Shore Hospital,
280832,South Shore Hospital,
271458,South Shore Hospital,
252729,South Shore Hospital,
251731,St Joseph Hospital (ME),
251730,St Joseph Hospital (ME),
1239220055005947,St Joseph Hospital (ME),
1239220055005343,St Joseph Hospital (ME),
1239220055005335,St Joseph Hospital (ME),
278866,Swedish Covenant Hospital,
1239220055003397,Tahoe Forest Hospital,
1239220055003389,Tahoe Forest Hospital,
255825,Terrebonne General Medical Center,
1239220055015474,Terrebonne General Medical Center,
1239220055014436,Terrebonne General Medical Center,
1239220055013362,Terrebonne General Medical Center,
1239220055013354,Terrebonne General Medical Center,
1239220055007026,Terrebonne General Medical Center,
1239220055007018,Terrebonne General Medical Center,
1239220055005871,Terrebonne General Medical Center,
1239220055005806,Terrebonne General Medical Center,
1239220055005798,Terrebonne General Medical Center,
1239220055005780,Terrebonne General Medical Center,
1239220055017868,The Christ Hospital,
1239220055017850,The Christ Hospital,
1239220055017843,The Christ Hospital,
1239220055017835,The Christ Hospital,
1239220055017827,The Christ Hospital,
1239220055017819,The Christ Hospital,
1239220055017801,The Christ Hospital,
1239220055017793,The Christ Hospital,
1239220055017785,The Christ Hospital,
1239220055017777,The Christ Hospital,
1239220055017769,The Christ Hospital,
1239220055017751,The Christ Hospital,
1239220055017744,The Christ Hospital,
1239220055017736,The Christ Hospital,
1239220055017728,The Christ Hospital,
1239220055017710,The Christ Hospital,
1239220055017702,The Christ Hospital,
1239220055017694,The Christ Hospital,
1239220055017686,The Christ Hospital,
1239220055017678,The Christ Hospital,
1239220055016852,The Christ Hospital,
1239220055016845,The Christ Hospital,
1239220055016837,The Christ Hospital,
1239220055015417,The Christ Hospital,
1239220055013594,The Christ Hospital,
1239220055009428,The Christ Hospital,
1239220055009410,The Christ Hospital,
1239220055009402,The Christ Hospital,
1239220055009394,The Christ Hospital,
1239220055009386,The Christ Hospital,
1239220055009378,The Christ Hospital,
1239220055009360,The Christ Hospital,
1239220055009352,The Christ Hospital,
1239220055009345,The Christ Hospital,
1239220055009337,The Christ Hospital,
1239220055009329,The Christ Hospital,
1239220055009311,The Christ Hospital,
1239220055009303,The Christ Hospital,
1239220055009295,The Christ Hospital,
1239220055009287,The Christ Hospital,
1239220055009279,The Christ Hospital,
1239220055009261,The Christ Hospital,
1239220055009253,The Christ Hospital,
1239220055009246,The Christ Hospital,
1239220055009238,The Christ Hospital,
1239220055009220,The Christ Hospital,
1239220055009212,The Christ Hospital,
1239220055009204,The Christ Hospital,
1239220055009196,The Christ Hospital,
1239220055009188,The Christ Hospital,
1239220055009170,The Christ Hospital,
1239220055009162,The Christ Hospital,
1239220055009154,The Christ Hospital,
1239220055009147,The Christ Hospital,
1239220055009139,The Christ Hospital,
1239220055009121,The Christ Hospital,
1239220055009113,The Christ Hospital,
1239220055009105,The Christ Hospital,
1239220055009097,The Christ Hospital,
1239220055009089,The Christ Hospital,
1239220055009071,The Christ Hospital,
1239220055009063,The Christ Hospital,
1239220055009055,The Christ Hospital,
1239220055009048,The Christ Hospital,
1239220055009030,The Christ Hospital,
1239220055009022,The Christ Hospital,
1239220055009014,The Christ Hospital,
1239220055009006,The Christ Hospital,
1239220055008990,The Christ Hospital,
1239220055008982,The Christ Hospital,
1239220055008974,The Christ Hospital,
1239220055008966,The Christ Hospital,
1239220055008958,The Christ Hospital,
1239220055008941,The Christ Hospital,
1239220055008933,The Christ Hospital,
1239220055008925,The Christ Hospital,
1239220055008917,The Christ Hospital,
1239220055008909,The Christ Hospital,
1239220055008891,The Christ Hospital,
1239220055008883,The Christ Hospital,
1239220055008875,The Christ Hospital,
1239220055008867,The Christ Hospital,
1239220055008859,The Christ Hospital,
1239220055008842,The Christ Hospital,
1239220055008834,The Christ Hospital,
1239220055008826,The Christ Hospital,
1239220055008818,The Christ Hospital,
1239220055008800,The Christ Hospital,
1239220055008792,The Christ Hospital,
1239220055008784,The Christ Hospital,
1239220055008776,The Christ Hospital,
1239220055008768,The Christ Hospital,
1239220055008750,The Christ Hospital,
1239220055008743,The Christ Hospital,
1239220055008735,The Christ Hospital,
1239220055008727,The Christ Hospital,
1239220055008719,The Christ Hospital,
1239220055008701,The Christ Hospital,
1239220055008693,The Christ Hospital,
1239220055008685,The Christ Hospital,
1239220055008677,The Christ Hospital,
1239220055008669,The Christ Hospital,
1239220055008651,The Christ Hospital,
1239220055008644,The Christ Hospital,
1239220055008636,The Christ Hospital,
1239220055008628,The Christ Hospital,
1239220055008610,The Christ Hospital,
1239220055008602,The Christ Hospital,
1239220055008594,The Christ Hospital,
1239220055008586,The Christ Hospital,
1239220055008578,The Christ Hospital,
1239220055008560,The Christ Hospital,
1239220055008552,The Christ Hospital,
1239220055008545,The Christ Hospital,
1239220055008529,The Christ Hospital,
1239220055008511,The Christ Hospital,
1239220055008503,The Christ Hospital,
1239220055008495,The Christ Hospital,
1239220055008487,The Christ Hospital,
1239220055008479,The Christ Hospital,
1239220055008461,The Christ Hospital,
1239220055008453,The Christ Hospital,
1239220055008446,The Christ Hospital,
1239220055008438,The Christ Hospital,
1239220055008420,The Christ Hospital,
1239220055008412,The Christ Hospital,
1239220055008404,The Christ Hospital,
1239220055008396,The Christ Hospital,
1239220055008388,The Christ Hospital,
1239220055008370,The Christ Hospital,
1239220055008362,The Christ Hospital,
1239220055008354,The Christ Hospital,
1239220055008347,The Christ Hospital,
1239220055008339,The Christ Hospital,
1239220055008321,The Christ Hospital,
1239220055008313,The Christ Hospital,
1239220055008305,The Christ Hospital,
1239220055008297,The Christ Hospital,
1239220055008289,The Christ Hospital,
1239220055008271,The Christ Hospital,
1239220055008263,The Christ Hospital,
1239220055008255,The Christ Hospital,
1239220055008248,The Christ Hospital,
1239220055008230,The Christ Hospital,
1239220055008206,The Christ Hospital,
1239220055008180,The Christ Hospital,
1239220055008172,The Christ Hospital,
1239220055008164,The Christ Hospital,
1239220055008156,The Christ Hospital,
1239220055008149,The Christ Hospital,
1239220055008131,The Christ Hospital,
1239220055008123,The Christ Hospital,
1239220055008115,The Christ Hospital,
1239220055008107,The Christ Hospital,
1239220055008099,The Christ Hospital,
1239220055008081,The Christ Hospital,
1239220055008073,The Christ Hospital,
1239220055008065,The Christ Hospital,
1239220055008057,The Christ Hospital,
1239220055008040,The Christ Hospital,
1239220055008032,The Christ Hospital,
1239220055008024,The Christ Hospital,
1239220055008016,The Christ Hospital,
1239220055008008,The Christ Hospital,
1239220055007992,The Christ Hospital,
1239220055007984,The Christ Hospital,
1239220055007976,The Christ Hospital,
1239220055007968,The Christ Hospital,
1239220055007950,The Christ Hospital,
1239220055007943,The Christ Hospital,
1239220055007935,The Christ Hospital,
1239220055007927,The Christ Hospital,
1239220055007919,The Christ Hospital,
1239220055007901,The Christ Hospital,
1239220055007893,The Christ Hospital,
1239220055007885,The Christ Hospital,
1239220055007877,The Christ Hospital,
1239220055007869,The Christ Hospital,
1239220055007851,The Christ Hospital,
1239220055007844,The Christ Hospital,
1239220055007836,The Christ Hospital,
1239220055007828,The Christ Hospital,
1239220055007810,The Christ Hospital,
1239220055007802,The Christ Hospital,
1239220055007794,The Christ Hospital,
1239220055007786,The Christ Hospital,
1239220055007778,The Christ Hospital,
1239220055007760,The Christ Hospital,
1239220055007752,The Christ Hospital,
1239220055007745,The Christ Hospital,
1239220055007737,The Christ Hospital,
1239220055007729,The Christ Hospital,
1239220055007711,The Christ Hospital,
1239220055007703,The Christ Hospital,
1239220055007695,The Christ Hospital,
1239220055007687,The Christ Hospital,
1239220055007679,The Christ Hospital,
1239220055007661,The Christ Hospital,
1239220055007653,The Christ Hospital,
1239220055007646,The Christ Hospital,
1239220055007638,The Christ Hospital,
1239220055004957,The Valley Hospital,
1239220055004502,The Valley Hospital,
1239220055004494,The Valley Hospital,
1239220055004338,The Valley Hospital,
1239220055004320,The Valley Hospital,
1239220055004312,The Valley Hospital,
1239220055004304,The Valley Hospital,
1239220055004296,The Valley Hospital,
1239220055004288,The Valley Hospital,
1239220055004270,The Valley Hospital,
1239220055004262,The Valley Hospital,
1239220055004254,The Valley Hospital,
1239220055004247,The Valley Hospital,
1239220055004239,The Valley Hospital,
1239220055004221,The Valley Hospital,
1239220055004213,The Valley Hospital,
1239220055002571,Trinitas Regional Medical Center,
312222,UHS,
312220,UHS,
312219,UHS,
312218,UHS,
312214,UHS,
312203,UHS,
312202,UHS,
312201,UHS,
312200,UHS,
312197,UHS,
312196,UHS,
312195,UHS,
312208,UHS,
327734,UHS,
312205,UHS,
261752,USC Medical,
261749,USC Medical,
261525,USC Medical,
261522,USC Medical,
262658,Verity Health,
262657,Verity Health,
262653,Verity Health,
262650,Verity Health,
262649,Verity Health,
262652,Verity Health,
246424,Victor Valley Global Medical Center,
272363,Washington Hospital,
1239220055003330,Washington Regional Medical System,
1239220055002191,Washington Regional Medical System,
1239220055002183,Washington Regional Medical System,
1239220055002175,Washington Regional Medical System,
1239220055002167,Washington Regional Medical System,
1239220055002159,Washington Regional Medical System,
1239220055002142,Washington Regional Medical System,
1239220055002134,Washington Regional Medical System,
1239220055002126,Washington Regional Medical System,
1239220055002118,Washington Regional Medical System,
1239220055002100,Washington Regional Medical System,
1239220055002092,Washington Regional Medical System,
1239220055002084,Washington Regional Medical System,
1239220055002076,Washington Regional Medical System,
1239220055002068,Washington Regional Medical System,
1239220055002050,Washington Regional Medical System,
1239220055001987,Washington Regional Medical System,
1239220055001789,Washington Regional Medical System,
1239220055001722,Washington Regional Medical System,
1239220055001573,Washington Regional Medical System,
1239220055001565,Washington Regional Medical System,
1239220055001557,Washington Regional Medical System,
1239220055001540,Washington Regional Medical System,
1239220055001342,Washington Regional Medical System,
1239220055001300,Washington Regional Medical System,
1239220055001292,Washington Regional Medical System,
1239220055001276,Washington Regional Medical System,
1239220055001268,Washington Regional Medical System,
1239220055001250,Washington Regional Medical System,
1239220055001243,Washington Regional Medical System,
270981,WellStar,
270980,WellStar,
270979,WellStar,
270977,WellStar,
282883,Yale,
276042,Yale,
257114,Yale,
257112,Yale,
257110,Yale,
257109,Yale,
284204,Yale,
83799,Tidelands Georgetown Memorial Hospital,
208022,Allegiance Health,
215024,American Medical Response,
245530,Covenant Health,
295863,Cape Regional Medical Central,
221118,Covenant Health,
221114,Covenant Health,
221115,Covenant Health,
207228,Covenant Health,
1239220055019328,RMMCC,
1239220055019310,RMMCC,
286179,Chesapeake Regional Healthcare,
243915,Chesapeake Regional Healthcare,
1239220055001946,Children's Hospital & Medical Center Omaha,
1239220055001953,Children's Hospital & Medical Center Omaha,
218535,Christus Health,
218537,Christus Health,
218538,Christus Health,
234641,Christus Health,
234642,Christus Health,
236579,Christus Health,
236581,Christus Health,
236582,Christus Health,
236583,Christus Health,
236584,Christus Health,
236587,Christus Health,
230448,Christus Health,
230447,Christus Health,
230445,Christus Health,
261989,Cincinnati Children's Hospital,
261991,Cincinnati Children's Hospital,
240242,St. Mary's Medical Group,
228583,Covenant Health,
228584,Covenant Health,
221111,Covenant Health,
248671,Covenant Health,
221110,Covenant Health,
221112,Covenant Health,
236925,St. Mary's Medical Group,
138901,Coordinated Healthcare,
221120,Covenant Health,
243003,Covenant Health,
240244,St. Mary's Medical Group,
304172,Evangelical Community Hospital,
1239220055019021,Tidelands Georgetown Memorial Hospital,
1239220055019013,Tidelands Georgetown Memorial Hospital,
1239220055018544,Tidelands Georgetown Memorial Hospital,
261042,Valley Health System,
1239220055019062,Hendry County Hospital,
1239220055004098,Holy Name Medical Center,
240243,St. Mary's Medical Group,
1239220055011499,Roane General Hospital,
1239220055011481,Roane General Hospital,
295011,Inova,
295000,Inova,
295009,Inova,
295007,Inova,
295004,Inova,
247674,Inova,
247675,Inova,
299340,Inova,
1239220055012612,Inova,
1239220055012604,Inova,
1239220055011457,Inova,
1239220055011440,Inova,
1239220055011432,Inova,
1239220055011424,Inova,
232795,Inova,
283585,Inova,
295005,Inova,
283589,Inova,
245536,Covenant Health,
146801,Jefferson Health,
332853,Jefferson Health,
327758,"Lafayette General Medical Center",
83757,"Lafayette General Medical Center",
83758,"Lafayette General Medical Center",
83759,"Lafayette General Medical Center",
273487,Lake Health,
225472,Lake Health,
212077,LifePoint,
212074,LifePoint,
211922,LifePoint,
233186,Lima Memorial Health System,
83574,IU Health,
1239220055001367,IU Health,
241089,Sutter Health,
1239220055001961,Children's Hospital & Medical Center Omaha,
212220,Verity Health,
83753,"Lafayette General Medical Center",
261040,Valley Health System,
241212,Sutter Health,
241211,Sutter Health,
1239220055011473,Inova,
1239220055011465,Inova,
241079,Sutter Health,
226436,St. Joseph Health - Sonoma County,
245535,Covenant Health,
245532,Covenant Health,
235590,Pueblo Medical Imaging,
237598,Pueblo Medical Imaging,
235596,Pueblo Medical Imaging,
235597,Pueblo Medical Imaging,
235595,Pueblo Medical Imaging,
226431,Emanate,
226428,St. Joseph Health - Sonoma County,
307585,Ridgecrest Regional Hospital,
149401,Riverside Health System,
1239220055005319,Austin Pain Associates,
1239220055005293,Austin Pain Associates,
1239220055005285,Austin Pain Associates,
1239220055005277,Austin Pain Associates,
1239220055005269,Austin Pain Associates,
1239220055003991,Austin Pain Associates,
228692,Sacred Heart Hospital,
226434,St. Joseph Health - Sonoma County,
265139,Sutter Health,
261035,Valley Health System,
331927,Sutter Health,
241086,Sutter Health,
331928,Sutter Health,
307618,Ridgecrest Regional Hospital,
245534,Covenant Health,
215307,Spectrum Health,
241095,Sutter Health,
228678,Hospital Sisters Health System,
228684,Hospital Sisters Health System,
228680,Hospital Sisters Health System,
228688,Hospital Sisters Health System,
215582,Verity Health,
241233,Sutter Health,
241207,Sutter Health,
228686,Hospital Sisters Health System,
228687,Hospital Sisters Health System,
215483,Verity Health,
226430,Hospital Sisters Health System,
228694,Hospital Sisters Health System,
228674,Hospital Sisters Health System,
228682,Hospital Sisters Health System,
212325,St. Mary's Medical Group,
212333,St. Mary's Medical Group,
275057,St. Mary's Medical Group,
228676,St. Mary's Medical Group,
229722,St. Mary's Medical Group,
275406,St. Mary's Medical Group,
215482,Verity Health,
281128,Steinberg Diagnostic Medical Imaging,
241076,Sutter Health,
241082,Sutter Health,
241083,Sutter Health,
241075,Sutter Health,
241234,Sutter Health,
241208,Sutter Health,
241080,Sutter Health,
241231,Sutter Health,
241204,Sutter Health,
241214,Sutter Health,
241205,Sutter Health,
241209,Sutter Health,
241235,Sutter Health,
241085,Sutter Health,
241203,Sutter Health,
241213,Sutter Health,
241206,Sutter Health,
241232,Sutter Health,
241081,Sutter Health,
241084,Sutter Health,
1239220055002464,MobilexUSA,
1239220055019112,King's Daughters' Health,
251344,Chesapeake Regional Healthcare,
1239220055010160,The Vancouver Clinic,
1239220055010152,The Vancouver Clinic,
1239220055010145,The Vancouver Clinic,
1239220055010137,The Vancouver Clinic,
1239220055010129,The Vancouver Clinic,
1239220055010111,The Vancouver Clinic,
1239220055010103,The Vancouver Clinic,
1239220055010095,The Vancouver Clinic,
1239220055010087,The Vancouver Clinic,
267707,St. Mary's Medical Group,
267708,St. Mary's Medical Group,
327216,Trios Health,
225468,Lake Health,
312209,UHS,
312206,UHS,
312217,UHS,
312213,UHS,
312210,UHS,
312216,UHS,
209247,Union Hospital,
114701,University Health San Antonio,
261029,Valley Health System,
1239220055013651,US Anesthesia Partners,
255722,Val Verde Regional Medical Center,
292777,Valley Health System,
261034,Valley Health System,
261051,Valley Health System,
315220,Valley Health System,
329393,Valley Health System,
261028,Valley Health System,
261039,Valley Health System,
261043,Valley Health System,
261036,Valley Health System,
265434,Great Lakes Physician Practice,
83748,RCCH,
83747,RCCH,
83746,RCCH,
83738,The Christ Hospital,
83737,The Christ Hospital,
83736,The Christ Hospital,
83735,The Christ Hospital,
83734,The Christ Hospital,
83733,The Christ Hospital,
83732,The Christ Hospital,
83731,The Christ Hospital,
83730,The Christ Hospital,
83729,The Christ Hospital,
83711,Blessing Health System,
83643,Blessing Health System,
83642,Baycare Clinic,
83631,Inova,
83630,Inova,
83629,Inova,
83628,Inova,
83627,Inova,
83626,Inova,
83589,Northeast Georgia Health System,
83588,Northeast Georgia Health System,
83587,Northeast Georgia Health System,
83586,Northeast Georgia Health System,
83585,Roane General Hospital,
83584,Northeast Georgia Health System,
83583,Northeast Georgia Health System,
83582,Northeast Georgia Health System,
83581,Northeast Georgia Health System,
83580,Northeast Georgia Health System,
83579,Mercy Health,
83578,American Medical Response,
83577,Eisenhower Medical Center,
83576,Mercy Health,
83573,Methodist Healthcare,
83572,Methodist Healthcare,
83571,Methodist Healthcare,
83570,Covenant Health,
83569,Covenant Health,
83568,Covenant Health,
83567,Covenant Health,
83566,Methodist Healthcare,
83529,Yale,
83528,Yale,
83526,St. Joseph Health - Sonoma County,
83525,St. Joseph Health - Sonoma County,
83523,Northeast Georgia Health System,
83513,Phoebe Putney Health Systems,
83508,The Valley Hospital,
83507,The Valley Hospital,
83506,The Valley Hospital,
83505,The Valley Hospital,
83504,The Valley Hospital,
83502,The Valley Hospital,
83501,The Valley Hospital,
36602,Methodist Healthcare,
36601,Covenant Health,
36592,Blessing Health System,
36587,Blessing Health System,
36586,Blessing Health System,
36585,Blessing Health System,
36579,Yale,
36578,Yale,
36577,Yale,
36576,Yale,
36565,Blount Memorial Hospital,
36558,Northeast Georgia Health System,
36556,Chesapeake Regional Healthcare,
36548,Riverside Health System,
36536,Lima Memorial Health System,
36527,Hospital Sisters Health System,
36526,Hospital Sisters Health System,
36524,Hospital Sisters Health System,
36523,Hospital Sisters Health System,
36522,Hospital Sisters Health System,
36521,Hospital Sisters Health System,
36519,Hospital Sisters Health System,
36518,Sacred Heart Hospital,
36516,St. Mary's Medical Group,
312212,UHS,
312204,UHS,
303098,AHN,
215030,American Medical Response,
215025,American Medical Response,
212334,St. Mary's Medical Group,
324976,Christus Health,
295799,Christus Health,
264488,Christus Health,
236567,Christus Health,
236566,Christus Health,
230055,Christus Health,
83744,Mercy Health,
83714,Mercy Health,
83638,Mercy Health,
83637,Mercy Health,
83634,Mercy Health,
83633,Mercy Health,
83597,Mercy Health,
83596,Mercy Health,
83595,Mercy Health,
83594,Mercy Health,
83593,Mercy Health,
1239220055015664,Mercy Health,
324745,Sutter Health,
324744,Sutter Health,
324743,Sutter Health,
324742,Sutter Health,
324740,Sutter Health,
323038,Sutter Health,
322757,Sutter Health,
321097,Sutter Health,
321095,Sutter Health,
321094,Sutter Health,
320647,Sutter Health,
320646,Sutter Health,
328121,Sutter Health,
320307,Sutter Health,
316519,Sutter Health,
315593,Sutter Health,
315592,Sutter Health,
315578,Sutter Health,
309224,Sutter Health,
308965,Sutter Health,
308963,Sutter Health,
308955,Sutter Health,
308954,Sutter Health,
308953,Sutter Health,
308952,Sutter Health,
308951,Sutter Health,
307317,Sutter Health,
305066,Sutter Health,
304983,Sutter Health,
304974,Sutter Health,
304972,Sutter Health,
304971,Sutter Health,
304969,Sutter Health,
304967,Sutter Health,
304954,Sutter Health,
304952,Sutter Health,
304950,Sutter Health,
304948,Sutter Health,
304947,Sutter Health,
304946,Sutter Health,
304945,Sutter Health,
304944,Sutter Health,
304130,Sutter Health,
303095,Sutter Health,
301084,Sutter Health,
301080,Sutter Health,
300553,Sutter Health,
300552,Sutter Health,
300551,Sutter Health,
300545,Sutter Health,
299040,Sutter Health,
299038,Sutter Health,
298916,Sutter Health,
297366,Sutter Health,
297364,Sutter Health,
286723,Sutter Health,
284696,Sutter Health,
282802,Sutter Health,
281993,Sutter Health,
278726,Sutter Health,
277515,Sutter Health,
277511,Sutter Health,
277510,Sutter Health,
277509,Sutter Health,
276705,Sutter Health,
276641,Sutter Health,
274605,Sutter Health,
268988,Sutter Health,
267193,Sutter Health,
265697,Sutter Health,
265214,Sutter Health,
265213,Sutter Health,
265200,Sutter Health,
265199,Sutter Health,
265198,Sutter Health,
265141,Sutter Health,
264954,Sutter Health,
263825,Sutter Health,
263606,Sutter Health,
263379,Sutter Health,
263048,Sutter Health,
262187,Sutter Health,
261919,Sutter Health,
261918,Sutter Health,
261917,Sutter Health,
261916,Sutter Health,
261820,Sutter Health,
261819,Sutter Health,
261818,Sutter Health,
260455,Sutter Health,
260453,Sutter Health,
260452,Sutter Health,
260451,Sutter Health,
259610,Sutter Health,
258686,Sutter Health,
255555,Sutter Health,
254155,Sutter Health,
252198,Sutter Health,
252196,Sutter Health,
252195,Sutter Health,
252194,Sutter Health,
252193,Sutter Health,
252191,Sutter Health,
252157,Sutter Health,
252155,Sutter Health,
252140,Sutter Health,
252137,Sutter Health,
252136,Sutter Health,
249509,Sutter Health,
249508,Sutter Health,
244397,Sutter Health,
244396,Sutter Health,
244381,Sutter Health,
244379,Sutter Health,
244378,Sutter Health,
244377,Sutter Health,
244374,Sutter Health,
244371,Sutter Health,
244370,Sutter Health,
244369,Sutter Health,
244367,Sutter Health,
244364,Sutter Health,
244362,Sutter Health,
244359,Sutter Health,
244354,Sutter Health,
244353,Sutter Health,
244336,Sutter Health,
244334,Sutter Health,
244292,Sutter Health,
244291,Sutter Health,
244290,Sutter Health,
244286,Sutter Health,
244282,Sutter Health,
244281,Sutter Health,
244280,Sutter Health,
244279,Sutter Health,
244278,Sutter Health,
244277,Sutter Health,
244274,Sutter Health,
244273,Sutter Health,
244272,Sutter Health,
244271,Sutter Health,
244269,Sutter Health,
244268,Sutter Health,
244226,Sutter Health,
244225,Sutter Health,
244224,Sutter Health,
244222,Sutter Health,
244216,Sutter Health,
244215,Sutter Health,
244214,Sutter Health,
244212,Sutter Health,
244211,Sutter Health,
244210,Sutter Health,
244209,Sutter Health,
244207,Sutter Health,
244206,Sutter Health,
244205,Sutter Health,
244204,Sutter Health,
244203,Sutter Health,
244202,Sutter Health,
244201,Sutter Health,
244200,Sutter Health,
244199,Sutter Health,
244198,Sutter Health,
244197,Sutter Health,
244196,Sutter Health,
244195,Sutter Health,
244194,Sutter Health,
244192,Sutter Health,
244191,Sutter Health,
244190,Sutter Health,
244188,Sutter Health,
242202,Sutter Health,
241734,Sutter Health,
241733,Sutter Health,
241727,Sutter Health,
241544,Sutter Health,
241543,Sutter Health,
241542,Sutter Health,
241539,Sutter Health,
241289,Sutter Health,
241287,Sutter Health,
241286,Sutter Health,
241285,Sutter Health,
241284,Sutter Health,
241283,Sutter Health,
241280,Sutter Health,
241279,Sutter Health,
241278,Sutter Health,
241277,Sutter Health,
241276,Sutter Health,
241274,Sutter Health,
241273,Sutter Health,
241271,Sutter Health,
241237,Sutter Health,
241236,Sutter Health,
241073,Sutter Health,
241069,Sutter Health,
241068,Sutter Health,
241067,Sutter Health,
241066,Sutter Health,
241065,Sutter Health,
241060,Sutter Health,
241059,Sutter Health,
241058,Sutter Health,
240843,Sutter Health,
240745,Sutter Health,
240744,Sutter Health,
240743,Sutter Health,
240742,Sutter Health,
240741,Sutter Health,
240739,Sutter Health,
240738,Sutter Health,
240737,Sutter Health,
240736,Sutter Health,
240735,Sutter Health,
240734,Sutter Health,
240733,Sutter Health,
240732,Sutter Health,
240731,Sutter Health,
240730,Sutter Health,
240729,Sutter Health,
240728,Sutter Health,
240725,Sutter Health,
240724,Sutter Health,
240723,Sutter Health,
240722,Sutter Health,
240711,Sutter Health,
240693,Sutter Health,
240518,Sutter Health,
240517,Sutter Health,
240516,Sutter Health,
240513,Sutter Health,
240512,Sutter Health,
240510,Sutter Health,
240509,Sutter Health,
240506,Sutter Health,
240504,Sutter Health,
240503,Sutter Health,
240501,Sutter Health,
240499,Sutter Health,
240498,Sutter Health,
240497,Sutter Health,
240496,Sutter Health,
240493,Sutter Health,
240492,Sutter Health,
240490,Sutter Health,
240489,Sutter Health,
240488,Sutter Health,
240087,Sutter Health,
240086,Sutter Health,
240085,Sutter Health,
240084,Sutter Health,
240083,Sutter Health,
240082,Sutter Health,
240080,Sutter Health,
240019,Sutter Health,
240018,Sutter Health,
240017,Sutter Health,
240016,Sutter Health,
240015,Sutter Health,
240014,Sutter Health,
240013,Sutter Health,
240012,Sutter Health,
240010,Sutter Health,
240009,Sutter Health,
240008,Sutter Health,
240006,Sutter Health,
240005,Sutter Health,
239964,Sutter Health,
239838,Sutter Health,
239837,Sutter Health,
239836,Sutter Health,
239835,Sutter Health,
239834,Sutter Health,
239833,Sutter Health,
239831,Sutter Health,
239830,Sutter Health,
239829,Sutter Health,
239828,Sutter Health,
239827,Sutter Health,
239826,Sutter Health,
239825,Sutter Health,
239824,Sutter Health,
239823,Sutter Health,
239822,Sutter Health,
239821,Sutter Health,
239811,Sutter Health,
239810,Sutter Health,
239809,Sutter Health,
239808,Sutter Health,
239770,Sutter Health,
239765,Sutter Health,
239761,Sutter Health,
239755,Sutter Health,
239750,Sutter Health,
239749,Sutter Health,
239686,Sutter Health,
239678,Sutter Health,
239677,Sutter Health,
239676,Sutter Health,
239641,Sutter Health,
239640,Sutter Health,
239639,Sutter Health,
239638,Sutter Health,
239636,Sutter Health,
239634,Sutter Health,
237706,Sutter Health,
237704,Sutter Health,
237699,Sutter Health,
237698,Sutter Health,
237695,Sutter Health,
237694,Sutter Health,
237671,Sutter Health,
237667,Sutter Health,
237665,Sutter Health,
237662,Sutter Health,
237657,Sutter Health,
237552,Sutter Health,
237550,Sutter Health,
237549,Sutter Health,
237242,Sutter Health,
237229,Sutter Health,
237228,Sutter Health,
237221,Sutter Health,
237219,Sutter Health,
236975,Sutter Health,
236974,Sutter Health,
236971,Sutter Health,
236970,Sutter Health,
236967,Sutter Health,
236965,Sutter Health,
236964,Sutter Health,
236963,Sutter Health,
236961,Sutter Health,
236960,Sutter Health,
236959,Sutter Health,
236958,Sutter Health,
236956,Sutter Health,
236953,Sutter Health,
236952,Sutter Health,
236951,Sutter Health,
236950,Sutter Health,
236942,Sutter Health,
236941,Sutter Health,
236940,Sutter Health,
236939,Sutter Health,
236938,Sutter Health,
236937,Sutter Health,
236936,Sutter Health,
236935,Sutter Health,
236934,Sutter Health,
236933,Sutter Health,
236866,Sutter Health,
236865,Sutter Health,
236864,Sutter Health,
236862,Sutter Health,
236858,Sutter Health,
236785,Sutter Health,
236779,Sutter Health,
236778,Sutter Health,
236777,Sutter Health,
236776,Sutter Health,
236774,Sutter Health,
236384,Sutter Health,
236383,Sutter Health,
236382,Sutter Health,
236376,Sutter Health,
236375,Sutter Health,
236301,Sutter Health,
236300,Sutter Health,
236298,Sutter Health,
236295,Sutter Health,
236290,Sutter Health,
236287,Sutter Health,
236272,Sutter Health,
236269,Sutter Health,
236268,Sutter Health,
236231,Sutter Health,
236230,Sutter Health,
236228,Sutter Health,
236227,Sutter Health,
236226,Sutter Health,
236225,Sutter Health,
236224,Sutter Health,
236223,Sutter Health,
236222,Sutter Health,
236221,Sutter Health,
236220,Sutter Health,
236219,Sutter Health,
236218,Sutter Health,
236075,Sutter Health,
236074,Sutter Health,
236073,Sutter Health,
236072,Sutter Health,
236070,Sutter Health,
236068,Sutter Health,
236067,Sutter Health,
236066,Sutter Health,
236065,Sutter Health,
236064,Sutter Health,
236063,Sutter Health,
236062,Sutter Health,
236061,Sutter Health,
236060,Sutter Health,
236059,Sutter Health,
236058,Sutter Health,
236057,Sutter Health,
236056,Sutter Health,
236055,Sutter Health,
236054,Sutter Health,
236053,Sutter Health,
236052,Sutter Health,
236051,Sutter Health,
236050,Sutter Health,
236046,Sutter Health,
236044,Sutter Health,
236042,Sutter Health,
236039,Sutter Health,
236038,Sutter Health,
235455,Sutter Health,
229440,Sutter Health,
217807,Sutter Health,
217805,Sutter Health,
217803,Sutter Health,
217783,Sutter Health,
217780,Sutter Health,
217776,Sutter Health,
217766,Sutter Health,
217763,Sutter Health,
217762,Sutter Health,
217757,Sutter Health,
217756,Sutter Health,
217755,Sutter Health,
217688,Sutter Health,
217687,Sutter Health,
217684,Sutter Health,
217681,Sutter Health,
215315,Sutter Health,
331077,Sutter Health,
330991,Sutter Health,
265140,Sutter Health,
256609,Sutter Health,
256608,Sutter Health,
256607,Sutter Health,
256606,Sutter Health,
256604,Sutter Health,
256602,Sutter Health,
256601,Sutter Health,
256596,Sutter Health,
256595,Sutter Health,
256594,Sutter Health,
256592,Sutter Health,
256591,Sutter Health,
256590,Sutter Health,
256588,Sutter Health,
265138,Sutter Health,
265137,Sutter Health,
252598,Sutter Health,
252597,Sutter Health,
252596,Sutter Health,
252595,Sutter Health,
252594,Sutter Health,
252593,Sutter Health,
252592,Sutter Health,
252590,Sutter Health,
252589,Sutter Health,
252588,Sutter Health,
252587,Sutter Health,
252586,Sutter Health,
252585,Sutter Health,
252584,Sutter Health,
277512,Sutter Health,
272017,Sutter Health,
241088,Sutter Health,
241078,Sutter Health,
1239220055016043,RCCH,
1239220055016027,RCCH,
1239220055016050,RCCH,
1239220055016019,RCCH,
1239220055020128,RCCH,
1239220055020110,RCCH,
1239220055018189,RCCH,
1239220055018171,RCCH,
1239220055017371,RCCH,
1239220055016068,RCCH,
1239220055016035,RCCH,
1239220055023759,The Valley Hospital,
1239220055023734,The Valley Hospital,
83968,Mercy Health,
83963,RCCH,
1239220055024252,The Vancouver Clinic,
1239220055024369,RCCH,
1239220055024351,RCCH,
1239220055024344,RCCH,
1239220055024336,RCCH,
1239220055024328,RCCH,
1239220055024310,RCCH,
1239220055024518,Riverside Health System,
1239220055022892,Children's Hospital & Medical Center Omaha,
1239220055024641,Acumen Physician Solutions,
83688,Mercy Health,
83684,Mercy Health,
83679,Mercy Health,
83670,Mercy Health,
83663,Mercy Health,
83651,Mercy Health,
83650,Mercy Health,
83645,Mercy Health,
83975,The Vancouver Clinic,
83974,The Vancouver Clinic,
83973,Mercy Health,
83972,Mercy Health,
83971,Mercy Health,
83970,Mercy Health,
83768,Mercy Health,
83708,Mercy Health,
83706,Mercy Health,
83705,Mercy Health,
83703,Mercy Health,
83690,Mercy Health,
83982,The Vancouver Clinic,
83981,The Vancouver Clinic,
83980,The Vancouver Clinic,
83978,The Vancouver Clinic,
83977,The Vancouver Clinic,
83976,The Vancouver Clinic,
342854,LifePoint,
342852,LifePoint,
343271,Sutter Health,
343268,Sutter Health,
343272,Sutter Health,
343107,New York City Health and Hospitals Corporation,
343105,New York City Health and Hospitals Corporation,
343104,New York City Health and Hospitals Corporation,
343101,New York City Health and Hospitals Corporation,
83755,Lafayette General Medical Center,
1239220055021506,Terrebonne General Medical Center,
1239220055002597,Trident US Health,
1239220055001938,Avanti Hospitals,
1239220055010939,BayCare Clinic,
1239220055022181,Mercy Health,
83962,Mercy Health,
83816,Mercy Health,
83815,Mercy Health,
83814,Mercy Health,
83813,Mercy Health,
83812,Mercy Health,
83811,Mercy Health,
83810,Mercy Health,
83809,Mercy Health,
83808,Mercy Health,
83807,Mercy Health,
334166,New York City Health and Hospitals Corporation,
1239220055021480,Wood County,
1239220055021472,Wood County,
334165,New York City Health and Hospitals Corporation,
331929,St. Luke's Health System,
1239220055021175,Tidelands Georgetown Memorial Hospital,
330699,Integris Health,
338442,IU Health,
335507,Ephraim McDowell Health,
333067,Jefferson Health,
1239220055023056,The Vancouver Clinic,
331566,LifePoint,
212330,LifePoint,
241281,Sutter Health,
149403,Martha's Vineyard Hospital,
83961,Mercy Health,Cincinnati/SWOH
1239220055022199,Mercy Health,Cincinnati/SWOH
83803,Mercy Health,
1239220055021605,Mercy Health,Toledo
1239220055023643,Mercy Health,Toledo
1239220055023676,Mercy Health,Toledo 
83769,Mercy Health,Cincinnati/SWOH
83765,Mercy Health,Cincinnati/SWOH
83764,Mercy Health,Cincinnati/SWOH
83762,Mercy Health,Cincinnati/SWOH
83831,Mercy Health,Cincinnati/SWOH
83830,Mercy Health,Cincinnati/SWOH
83829,Mercy Health,Cincinnati/SWOH
83822,Mercy Health,Cincinnati/SWOH
83821,Mercy Health,Cincinnati/SWOH
83820,Mercy Health,Cincinnati/SWOH
83819,Mercy Health,Cincinnati/SWOH
83818,Mercy Health,Cincinnati/SWOH
83817,Mercy Health,Cincinnati/SWOH
83967,Mercy Health,Cincinnati/SWOH
83966,Mercy Health,Cincinnati/SWOH
83919,Mercy Health,Cincinnati/SWOH
83918,Mercy Health,Cincinnati/SWOH
83917,Mercy Health,Cincinnati/SWOH
83916,Mercy Health,Cincinnati/SWOH
83915,Mercy Health,Cincinnati/SWOH
83914,Mercy Health,Cincinnati/SWOH
83913,Mercy Health,Cincinnati/SWOH
83912,Mercy Health,Cincinnati/SWOH
83911,Mercy Health,Cincinnati/SWOH
83910,Mercy Health,Cincinnati/SWOH
83908,Mercy Health,Cincinnati/SWOH
83907,Mercy Health,Cincinnati/SWOH
83906,Mercy Health,Cincinnati/SWOH
83905,Mercy Health,Cincinnati/SWOH
83904,Mercy Health,Cincinnati/SWOH
83903,Mercy Health,Cincinnati/SWOH
83902,Mercy Health,Cincinnati/SWOH
83901,Mercy Health,Cincinnati/SWOH
83900,Mercy Health,Cincinnati/SWOH
83899,Mercy Health,Cincinnati/SWOH
83898,Mercy Health,Cincinnati/SWOH
83896,Mercy Health,Cincinnati/SWOH
83895,Mercy Health,Cincinnati/SWOH
83893,Mercy Health,Cincinnati/SWOH
83892,Mercy Health,Cincinnati/SWOH
83891,Mercy Health,Cincinnati/SWOH
83890,Mercy Health,Cincinnati/SWOH
83889,Mercy Health,Cincinnati/SWOH
83888,Mercy Health,Cincinnati/SWOH
83887,Mercy Health,Cincinnati/SWOH
83886,Mercy Health,Cincinnati/SWOH
83884,Mercy Health,Cincinnati/SWOH
83883,Mercy Health,Cincinnati/SWOH
83882,Mercy Health,Cincinnati/SWOH
83881,Mercy Health,Cincinnati/SWOH
83880,Mercy Health,Cincinnati/SWOH
83879,Mercy Health,Cincinnati/SWOH
83878,Mercy Health,Cincinnati/SWOH
83877,Mercy Health,Cincinnati/SWOH
83876,Mercy Health,Cincinnati/SWOH
83875,Mercy Health,Cincinnati/SWOH
83874,Mercy Health,Cincinnati/SWOH
83873,Mercy Health,Cincinnati/SWOH
83872,Mercy Health,Cincinnati/SWOH
83871,Mercy Health,Cincinnati/SWOH
83870,Mercy Health,Cincinnati/SWOH
83869,Mercy Health,Cincinnati/SWOH
83868,Mercy Health,Cincinnati/SWOH
83867,Mercy Health,Cincinnati/SWOH
83866,Mercy Health,Cincinnati/SWOH
83865,Mercy Health,Cincinnati/SWOH
83864,Mercy Health,Cincinnati/SWOH
83863,Mercy Health,Cincinnati/SWOH
83862,Mercy Health,Cincinnati/SWOH
83861,Mercy Health,Cincinnati/SWOH
83860,Mercy Health,Cincinnati/SWOH
83859,Mercy Health,Cincinnati/SWOH
83858,Mercy Health,Cincinnati/SWOH
83857,Mercy Health,Cincinnati/SWOH
83856,Mercy Health,Cincinnati/SWOH
83855,Mercy Health,Cincinnati/SWOH
83854,Mercy Health,Cincinnati/SWOH
83853,Mercy Health,Cincinnati/SWOH
83852,Mercy Health,Cincinnati/SWOH
83851,Mercy Health,Cincinnati/SWOH
83850,Mercy Health,Cincinnati/SWOH
83849,Mercy Health,Cincinnati/SWOH
83848,Mercy Health,Cincinnati/SWOH
83847,Mercy Health,Cincinnati/SWOH
83846,Mercy Health,Cincinnati/SWOH
83845,Mercy Health,Cincinnati/SWOH
83844,Mercy Health,Cincinnati/SWOH
83843,Mercy Health,Cincinnati/SWOH
83842,Mercy Health,Cincinnati/SWOH
83841,Mercy Health,Cincinnati/SWOH
83840,Mercy Health,Cincinnati/SWOH
83839,Mercy Health,Cincinnati/SWOH
83838,Mercy Health,Cincinnati/SWOH
83837,Mercy Health,Cincinnati/SWOH
83909,Mercy Health,Cincinnati/SWOH
83894,Mercy Health,Cincinnati/SWOH
83885,Mercy Health,Cincinnati/SWOH
1239220055022785,Mercy Health,Cincinnati/SWOH
1239220055022777,Mercy Health,Cincinnati/SWOH
1239220055021753,Mercy Health,Cincinnati/SWOH
1239220055021142,Mercy Health,Cincinnati/SWOH
1239220055021134,Mercy Health,Cincinnati/SWOH
1239220055021126,Mercy Health,Cincinnati/SWOH
1239220055021118,Mercy Health,Cincinnati/SWOH
1239220055021100,Mercy Health,Cincinnati/SWOH
1239220055021092,Mercy Health,Cincinnati/SWOH
1239220055021084,Mercy Health,Cincinnati/SWOH
1239220055021076,Mercy Health,Cincinnati/SWOH
1239220055021068,Mercy Health,Cincinnati/SWOH
1239220055021050,Mercy Health,Cincinnati/SWOH
1239220055021043,Mercy Health,Cincinnati/SWOH
1239220055021035,Mercy Health,Cincinnati/SWOH
1239220055021027,Mercy Health,Cincinnati/SWOH
1239220055021019,Mercy Health,Cincinnati/SWOH
1239220055021001,Mercy Health,Cincinnati/SWOH
1239220055020995,Mercy Health,Cincinnati/SWOH
1239220055020987,Mercy Health,Cincinnati/SWOH
1239220055020979,Mercy Health,Cincinnati/SWOH
1239220055020961,Mercy Health,Cincinnati/SWOH
1239220055020953,Mercy Health,Cincinnati/SWOH
1239220055020946,Mercy Health,Cincinnati/SWOH
1239220055020938,Mercy Health,Cincinnati/SWOH
1239220055020920,Mercy Health,Cincinnati/SWOH
1239220055020912,Mercy Health,Cincinnati/SWOH
1239220055020904,Mercy Health,Cincinnati/SWOH
1239220055020896,Mercy Health,Cincinnati/SWOH
1239220055020888,Mercy Health,Cincinnati/SWOH
1239220055020870,Mercy Health,Cincinnati/SWOH
1239220055020862,Mercy Health,Cincinnati/SWOH
1239220055020854,Mercy Health,Cincinnati/SWOH
1239220055020847,Mercy Health,Cincinnati/SWOH
1239220055020839,Mercy Health,Cincinnati/SWOH
1239220055020821,Mercy Health,Cincinnati/SWOH
1239220055020813,Mercy Health,Cincinnati/SWOH
1239220055020805,Mercy Health,Cincinnati/SWOH
1239220055020797,Mercy Health,Cincinnati/SWOH
1239220055020789,Mercy Health,Cincinnati/SWOH
1239220055020771,Mercy Health,Cincinnati/SWOH
1239220055020763,Mercy Health,Cincinnati/SWOH
1239220055020755,Mercy Health,Cincinnati/SWOH
1239220055020748,Mercy Health,Cincinnati/SWOH
1239220055020730,Mercy Health,Cincinnati/SWOH
1239220055020722,Mercy Health,Cincinnati/SWOH
1239220055020714,Mercy Health,Cincinnati/SWOH
1239220055020706,Mercy Health,Cincinnati/SWOH
1239220055020698,Mercy Health,Cincinnati/SWOH
1239220055020680,Mercy Health,Cincinnati/SWOH
1239220055020672,Mercy Health,Cincinnati/SWOH
1239220055020664,Mercy Health,Cincinnati/SWOH
1239220055020656,Mercy Health,Cincinnati/SWOH
1239220055020649,Mercy Health,Cincinnati/SWOH
1239220055020631,Mercy Health,Cincinnati/SWOH
1239220055020623,Mercy Health,Cincinnati/SWOH
1239220055020615,Mercy Health,Cincinnati/SWOH
1239220055020607,Mercy Health,Cincinnati/SWOH
1239220055020599,Mercy Health,Cincinnati/SWOH
1239220055020581,Mercy Health,Cincinnati/SWOH
1239220055020573,Mercy Health,Cincinnati/SWOH
1239220055020565,Mercy Health,Cincinnati/SWOH
1239220055020557,Mercy Health,Cincinnati/SWOH
1239220055020540,Mercy Health,Cincinnati/SWOH
1239220055020532,Mercy Health,Cincinnati/SWOH
1239220055020524,Mercy Health,Cincinnati/SWOH
1239220055020516,Mercy Health,Cincinnati/SWOH
1239220055020508,Mercy Health,Cincinnati/SWOH
1239220055020490,Mercy Health,Cincinnati/SWOH
1239220055020482,Mercy Health,Cincinnati/SWOH
1239220055020474,Mercy Health,Cincinnati/SWOH
1239220055020466,Mercy Health,Cincinnati/SWOH
1239220055020458,Mercy Health,Cincinnati/SWOH
1239220055020441,Mercy Health,Cincinnati/SWOH
1239220055020433,Mercy Health,Cincinnati/SWOH
1239220055020425,Mercy Health,Cincinnati/SWOH
1239220055020417,Mercy Health,Cincinnati/SWOH
1239220055020409,Mercy Health,Cincinnati/SWOH
1239220055020391,Mercy Health,Cincinnati/SWOH
1239220055020383,Mercy Health,Cincinnati/SWOH
1239220055020375,Mercy Health,Cincinnati/SWOH
1239220055020367,Mercy Health,Cincinnati/SWOH
1239220055020359,Mercy Health,Cincinnati/SWOH
1239220055020342,Mercy Health,Cincinnati/SWOH
1239220055020334,Mercy Health,Cincinnati/SWOH
83834,Mercy Health,Toledo
83833,Mercy Health,Toledo
83832,Mercy Health,Toledo
83802,Mercy Health,Toledo
83695,Mercy Health,Toledo
83681,Mercy Health,Toledo
83675,Mercy Health,Toledo
83671,Mercy Health,Toledo
83668,Mercy Health,Toledo
83661,Mercy Health,Toledo
83806,Mercy Health,Youngstown
83805,Mercy Health,Youngstown
83804,Mercy Health,Youngstown
83960,Mercy Health,Youngstown
83959,Mercy Health,Youngstown
83957,Mercy Health,Youngstown
83956,Mercy Health,Youngstown
83955,Mercy Health,Youngstown
83954,Mercy Health,Youngstown
83953,Mercy Health,Youngstown
83952,Mercy Health,Youngstown
83951,Mercy Health,Youngstown
83950,Mercy Health,Youngstown
83948,Mercy Health,Youngstown
83947,Mercy Health,Youngstown
83946,Mercy Health,Youngstown
83945,Mercy Health,Youngstown
83944,Mercy Health,Youngstown
83943,Mercy Health,Youngstown
83942,Mercy Health,Youngstown
83941,Mercy Health,Youngstown
83940,Mercy Health,Youngstown
83939,Mercy Health,Youngstown
83938,Mercy Health,Youngstown
83937,Mercy Health,Youngstown
83936,Mercy Health,Youngstown
83935,Mercy Health,Youngstown
83934,Mercy Health,Youngstown
83933,Mercy Health,Youngstown
83929,Mercy Health,Youngstown
1239220055022033,Mercy Health,Youngstown
1239220055022025,Mercy Health,Youngstown
1239220055022017,Mercy Health,Youngstown
1239220055022009,Mercy Health,Youngstown
1239220055021993,Mercy Health,Youngstown
1239220055021985,Mercy Health,Youngstown
1239220055021977,Mercy Health,Youngstown
1239220055021969,Mercy Health,Youngstown
1239220055021951,Mercy Health,Youngstown
1239220055021944,Mercy Health,Youngstown
1239220055021936,Mercy Health,Youngstown
1239220055021928,Mercy Health,Youngstown
1239220055021910,Mercy Health,Youngstown
1239220055021902,Mercy Health,Youngstown
1239220055021894,Mercy Health,Youngstown
1239220055021886,Mercy Health,Youngstown
1239220055021878,Mercy Health,Youngstown
1239220055021860,Mercy Health,Youngstown
1239220055021852,Mercy Health,Youngstown
1239220055021845,Mercy Health,Youngstown
1239220055021837,Mercy Health,Youngstown
1239220055021829,Mercy Health,Youngstown
1239220055021811,Mercy Health,Youngstown
1239220055021803,Mercy Health,Youngstown
1239220055021795,Mercy Health,Youngstown
1239220055021787,Mercy Health,Youngstown
1239220055021779,Mercy Health,Youngstown
1239220055021761,Mercy Health,Youngstown
83958,Mercy Health,Youngstown
83949,Mercy Health,Youngstown
83897,Mercy Health,Cincinnati/SWOH
83828,Mercy Health,Cincinnati/SWOH
83826,Mercy Health,Cincinnati/SWOH
83825,Mercy Health,Cincinnati/SWOH
83824,Mercy Health,Cincinnati/SWOH
83823,Mercy Health,Cincinnati/SWOH
83932,Mercy Health,Youngstown
83931,Mercy Health,Youngstown
83930,Mercy Health,Youngstown
83928,Mercy Health,Youngstown
83927,Mercy Health,Youngstown
83926,Mercy Health,Youngstown
83925,Mercy Health,Youngstown
83924,Mercy Health,Youngstown
83923,Mercy Health,Youngstown
83922,Mercy Health,Youngstown
83921,Mercy Health,Youngstown
1239220055022140,Mercy Health,Youngstown
1239220055022132,Mercy Health,Youngstown
1239220055022124,Mercy Health,Youngstown
1239220055022116,Mercy Health,Youngstown
1239220055022108,Mercy Health,Youngstown
1239220055022090,Mercy Health,Youngstown
1239220055022082,Mercy Health,Youngstown
1239220055022074,Mercy Health,Youngstown
1239220055022066,Mercy Health,Youngstown
1239220055022058,Mercy Health,Youngstown
1239220055022041,Mercy Health,Youngstown
83644,Mercy Health,
149404,Acumen Physician Solutions,
339912,New York City Health and Hospitals Corporation,
339906,New York City Health and Hospitals Corporation,
339479,Ochsner Health,
339354,Ochsner Health,
149402,OSF Healthcare,
338806,OSF Healthcare,
83965,Palo Pinto General Hospital,
332586,Palo Pinto General Hospital,
337140,Sutter Health,
337032,Sutter Health,
1239220055023460,Phoenix Children's Hospital,
1239220055023452,Phoenix Children's Hospital,
1239220055023445,Phoenix Children's Hospital,
1239220055023437,Phoenix Children's Hospital,
333555,Liberty Hospital,
334164,New York City Health and Hospitals Corporation,
1239220055021217,RCCH,
1239220055021209,RCCH,
1239220055021456,RCCH,
1239220055021308,RCCH,
83920,RCCH,
83836,RCCH,
83835,RCCH,
1239220055012356,Acumen Physician Solutions,
339335,RWJ Barnabas Health,
333765,RWJ Barnabas Health,
333764,RWJ Barnabas Health,
333762,RWJ Barnabas Health,
337002,Sutter Health,
339910,Sutter Health,
1239220055022512,RCCH,
1239220055022504,RCCH,
335806,Sutter Health,
335808,Sutter Health,
335807,Sutter Health,
335799,Sutter Health,
335809,Sutter Health,
335797,Sutter Health,
1239220055021662,King's Daughters' Health,
1239220055026158,Navicent Health,
1239220055023742,The Valley Hospital,
337728,St. Mary's Medical Group,
334736,New York City Health and Hospitals Corporation,
83632,Acumen Physician Solutions,
